sentiment,id,date,query,user,text
0,1956408591,Thu May 28 21:48:57 PDT 2009,NO_QUERY,letgotoosoon,@tommcfly you met the fans on wednesday at hilton's bar. meet us! haha  i know you tired but we spent lost of money here just to see you 
4,2046410820,Fri Jun 05 12:08:24 PDT 2009,NO_QUERY,cazzibabi,@nickybyrneoffic are westlife definently coming back? ive been to every concert in glasgow and last year got first row for the first time 
0,2003672507,Tue Jun 02 06:57:11 PDT 2009,NO_QUERY,clayaaa,@ChristPA I really don't wanna be a vampire loving tween 
4,1468392452,Tue Apr 07 01:23:24 PDT 2009,NO_QUERY,Sbuxblaze,We have $89 in extra GGUI donations and I've been thinking that should go towards IPB. $170 total needed! Can anyone still donate? 
4,1996109649,Mon Jun 01 14:32:58 PDT 2009,NO_QUERY,TessMorris,@JUMPINSOUNDS @CocaBeenSlinky did a really cool thing with a bubble video that might be worth looking into too 
0,2175336668,Mon Jun 15 00:42:24 PDT 2009,NO_QUERY,laurayvette,"bearly got home   ugh need to wash clothes,shower,sleep and wake up early for summer school :@"
0,2060730453,Sat Jun 06 19:28:04 PDT 2009,NO_QUERY,pattyxxcore,i made jiffypop because we have a gas stove here. only to find out it is loaded in trans- and saturated fats  i opted for triscuts.
4,1974086091,Sat May 30 12:24:47 PDT 2009,NO_QUERY,Kutchie1123,Mojitos are really good.  Hanging out with the Covas family for Brittaney's graduation.  
4,1997853022,Mon Jun 01 17:34:08 PDT 2009,NO_QUERY,McDayDreamer,@madilovesmerder me 2  My MacBook is packed with GA music haha
0,1565989234,Mon Apr 20 07:59:18 PDT 2009,NO_QUERY,camiw2,"I miss my friends, I miss my family, I miss my old town! i wanna back home  i dont wanna be here"
4,2014252928,Wed Jun 03 00:55:49 PDT 2009,NO_QUERY,philiplaureano,@noopman Remote? I prefer to be on site.  There's no substitute for working with people in person
4,1770865249,Mon May 11 22:28:11 PDT 2009,NO_QUERY,Muhsinah,@JACKtheTRIPPER hi sweet pea. 
0,1970405491,Sat May 30 03:44:23 PDT 2009,NO_QUERY,xCandyCaneLanex,"@RenoJacy Wow, who doesn't love me? Mama doesn't "
4,1558648785,Sun Apr 19 09:00:20 PDT 2009,NO_QUERY,daikatana85,Belgium's still the same 
0,2224714077,Thu Jun 18 09:50:32 PDT 2009,NO_QUERY,Aintialady,@savvygrl Eww.. That looks gross... I am guilty of still eating fish... 
0,2194061519,Tue Jun 16 09:17:32 PDT 2009,NO_QUERY,ShadderdGlass,Going to chrio then for blood work blah I hate being sick I've felt gross for the last month 
0,2225908046,Thu Jun 18 11:17:41 PDT 2009,NO_QUERY,KriziaBajos,@babygirljer I know   Yoga at 4:30 pm today? I seriously miss my amazon!
4,1880887219,Fri May 22 02:51:27 PDT 2009,NO_QUERY,mirvettium,@Lemonpi is it the one on your blog? next will be mushrooms 
0,1825255459,Sun May 17 05:00:12 PDT 2009,NO_QUERY,jennymeadow,has been driven indoors - away from her bedding plants - by the rain  
0,1980506557,Sun May 31 06:56:27 PDT 2009,NO_QUERY,discomaniac,i feel like i'm still in 7th grade. i hate this leveling up thang. if only we can just fail schoool &amp; stay 7thgrade forevahhhhh 
0,2053697148,Sat Jun 06 05:25:22 PDT 2009,NO_QUERY,Chad_Lad,@Jayme1988 ah bless craig... I seen some the other night on E4 bb docu... i felt really bad for him... 
0,1688812469,Sun May 03 11:58:52 PDT 2009,NO_QUERY,joefiorini,@jendavis I understand! I've put 70k on the car I've had for just 3 years 
0,1973938548,Sat May 30 12:07:35 PDT 2009,NO_QUERY,angelxx71,@anniegxxx can't think of him that way any more  or at least I try not to LOL
0,1975977806,Sat May 30 16:19:10 PDT 2009,NO_QUERY,irishchicky28,WTF?! no pounds lost since I stopped the lemon diet!!!!  sux....
4,2066047382,Sun Jun 07 09:47:20 PDT 2009,NO_QUERY,Char_SOS,@cazob then jb wiill sweep you up and take you with them 
0,1554167906,Sat Apr 18 16:15:17 PDT 2009,NO_QUERY,CHELLETASTIC,@mwahmwah_teh Oh that's awful  I hate when you trust someone and they hurt you so much!! Grr!
0,2066220124,Sun Jun 07 10:06:36 PDT 2009,NO_QUERY,alfiaah,thinking of this problem. i dont know whats going on actually. 
4,1551147576,Sat Apr 18 08:16:21 PDT 2009,NO_QUERY,solhiye,boored and still doesnt get whats TWITTER:someone plss explain to me 
4,2052907290,Sat Jun 06 02:29:58 PDT 2009,NO_QUERY,DocDisraeli,is off to the gym... to do some hectic cardio training 
0,1572842130,Mon Apr 20 22:45:11 PDT 2009,NO_QUERY,meganhurley,@lindseliz tweet tweet! why can't i write on your wall? 
0,2324203142,Thu Jun 25 02:33:19 PDT 2009,NO_QUERY,ChuckReally,is sat by herself  because her time management sucks!
0,1692919804,Sun May 03 21:06:04 PDT 2009,NO_QUERY,4NDR3W_JUN9,This person behind cough like crazy on me. I hope I don't get the swine flu. Pray for me please. 
0,1991058250,Mon Jun 01 06:19:10 PDT 2009,NO_QUERY,CarissaMEB,Why isnt anyone tweeting 
4,1881240611,Fri May 22 04:03:45 PDT 2009,NO_QUERY,Bambi429,@sage_in_spain Good morning  How are you ?Thank you for the #followfriday !
4,2001154935,Tue Jun 02 00:00:21 PDT 2009,NO_QUERY,zsangel,figured out the Internet on my new iPod 
0,2249532719,Fri Jun 19 22:30:45 PDT 2009,NO_QUERY,skyenat,@nokking kino sold out already. Popular also. Borders said they're not sure if they're even able to get copies 
0,1961573888,Fri May 29 09:42:47 PDT 2009,NO_QUERY,DanielleRaee,At work my head hurts a little due to my neck! I hate when I sleep wrong! 
4,1469290435,Tue Apr 07 05:54:13 PDT 2009,NO_QUERY,kourtnie,@savagestar That would be cute 
4,1960649347,Fri May 29 08:17:34 PDT 2009,NO_QUERY,mandygrl334,yay! I'm leaving for Dallas! @cutekiwi you are still invited! 
4,2059249152,Sat Jun 06 16:32:55 PDT 2009,NO_QUERY,reverieBR,@suzanne_young it's nice isn't it... *pets shelf of pretty books* its just missing urs!!  lol
0,1834824104,Mon May 18 04:19:15 PDT 2009,NO_QUERY,rmappleby,@andysc Probably just different. Welcome to proprietary driver development 
4,2181448440,Mon Jun 15 11:50:30 PDT 2009,NO_QUERY,clappingghosts,i missed wearing jeans 
0,1470088461,Tue Apr 07 08:18:48 PDT 2009,NO_QUERY,ATLRedd,Never went 2 sleep...  and i got class at 2... i need 2 do dis homework...errrr
4,2062444856,Sat Jun 06 23:15:05 PDT 2009,NO_QUERY,MNC89,is watching Titanic 
4,2178860022,Mon Jun 15 08:18:29 PDT 2009,NO_QUERY,ohnmachtf,@saturnboy good job!  So pretty 
4,2051208014,Fri Jun 05 21:07:38 PDT 2009,NO_QUERY,Julz4pink,yay twitter is back  i'm glad i was only awake for 4 minutes of this maintenance crap.
4,1881179620,Fri May 22 03:51:54 PDT 2009,NO_QUERY,tarawade,Is lookin 4ward to a long weekend  really dont want to go to work 2day tho =[ x
4,2007746950,Tue Jun 02 13:05:34 PDT 2009,NO_QUERY,gennstone,@sunnarose yay for the return of teaser tuesday 
0,2321477626,Wed Jun 24 21:06:42 PDT 2009,NO_QUERY,kRySunique,@MzDeDaze no i havent 
4,2182971369,Mon Jun 15 13:52:38 PDT 2009,NO_QUERY,SvenjaZoe,i have far to many random updates than im never gonna reaad and HEIIII CHANNELLLE 
4,1695194032,Mon May 04 05:28:59 PDT 2009,NO_QUERY,LiviAtherton,i'm yours - jason mraz....looking for an electric guitar  yay!!!1
4,2190870097,Tue Jun 16 03:57:07 PDT 2009,NO_QUERY,xxvannyxx,"Plan for today: have a bath, get ready, eat, get to the garden &amp; get drunk - and then tomorrow it's my bday at last "
4,1992771894,Mon Jun 01 09:17:46 PDT 2009,NO_QUERY,MimFox,"@Wossy yeah, and flock of seagulls haircuts "
0,1824947607,Sun May 17 03:39:19 PDT 2009,NO_QUERY,hollicebear,I already miss my bear. 
4,1982348308,Sun May 31 11:01:47 PDT 2009,NO_QUERY,BluePhoenix1,"@jordanknight either way, it'll be exciting for them. "
4,1970747710,Sat May 30 05:04:11 PDT 2009,NO_QUERY,CrisN73,"bum notes: guess what, I'm now watching MMK. Those TV shows in the buses must have some effect on my tolerance for local TV channels.  "
4,2186811847,Mon Jun 15 19:22:19 PDT 2009,NO_QUERY,Rahilya,Accompany Zakir to do his passport today 4 cousin wedding on Saturday. Need to eat more.I'm getting thinner again.. 'lol' Stresshead... 
4,1984260395,Sun May 31 14:45:27 PDT 2009,NO_QUERY,Heather_Carlson,"Good talk with mom, now off to spend time with some friends! "
4,1981504403,Sun May 31 09:17:34 PDT 2009,NO_QUERY,drarps,@ankurjain84 i like to remember it as M goes with M ie Mallory Weiss is the Mucosal tear. Then the other one's the other one. 
4,1988817517,Sun May 31 23:27:44 PDT 2009,NO_QUERY,becki_bridge,Following P!nk  (L)(L)
0,2252561423,Sat Jun 20 06:32:03 PDT 2009,NO_QUERY,matt467,"wish a never got the daft tattoo, a canny sunbed  lol"
0,2261441236,Sat Jun 20 20:47:47 PDT 2009,NO_QUERY,DiyanaRazinah,"@f_nadzirah cant sleep,go online! hahaha @bobbyden and @faidchong misses you too "
0,2203443747,Tue Jun 16 23:45:12 PDT 2009,NO_QUERY,alicerydon,I need a hug...and less cynicism. It's making me depressed. 
0,2215611200,Wed Jun 17 18:22:27 PDT 2009,NO_QUERY,Liverpoolu,Live tweet streaming on #Sytycd .. I miss Dena and Lisa 
4,2001730795,Tue Jun 02 01:52:41 PDT 2009,NO_QUERY,buffdavamp,@nikkifirth aren't the 1st morning tweets the most excitables 
4,1994720679,Mon Jun 01 12:21:12 PDT 2009,NO_QUERY,MariaSimone,...I personally had my fill of the Sister Mary Margaret(s) something or other. 12 yrs of catholic school...so done. 
0,1995242764,Mon Jun 01 13:10:42 PDT 2009,NO_QUERY,fabiankr,@metawops It depends on how much followers you have... 
4,2014091638,Wed Jun 03 00:26:05 PDT 2009,NO_QUERY,Recamel,@TheSUPERGIRL Maybe ill make a video and show ya what this beautiful place is all about 
4,2065542152,Sun Jun 07 08:48:33 PDT 2009,NO_QUERY,JennifferJanna,Jenson Button - 6 wins from 7 races!!!!!!!   Hope he can keep it up at Silverstone  lol http://is.gd/RHUo
0,1969255104,Fri May 29 23:28:21 PDT 2009,NO_QUERY,BeeRob504,man!! oh wellthis was wasted gas...i need a life and a new place of residency....Tay + company = me and the sofa.... 
0,2060305699,Sat Jun 06 18:39:28 PDT 2009,NO_QUERY,satyr405,"@GimmeTOKYO that... Actually looks pretty cool, I wanna play too "
0,2000977193,Mon Jun 01 23:29:17 PDT 2009,NO_QUERY,itzkeylovebaby,Im having weight issues  im upset and scared. [AyshiakiAyana]
0,2058754696,Sat Jun 06 15:33:55 PDT 2009,NO_QUERY,autbabe0428,Home from work... Was missing my maddie bug   Now off to put clothes away and make our bed!!! Maybe sleep in it tonight!!!
0,2055097944,Sat Jun 06 08:41:37 PDT 2009,NO_QUERY,pinkykei,needs heLp from a wordpress theme expert  http://plurk.com/p/ywsk3
0,2247489736,Fri Jun 19 19:10:27 PDT 2009,NO_QUERY,sashawintafruit,"@YourTheCutest nope, thats what i didnt get to have tonight "
0,2000611239,Mon Jun 01 22:30:58 PDT 2009,NO_QUERY,setpihi,@mitchelmusso I can't buy the album. I'm sad.  Reason: Australia. Need I say more? Congrats tho and all the best of luck!! &lt;3
0,2055380782,Sat Jun 06 09:12:40 PDT 2009,NO_QUERY,wholesick,@victoria_tweed opted for a corona - it was a mistake. my headache just got a million times worse 
4,2190105400,Tue Jun 16 01:46:57 PDT 2009,NO_QUERY,yep1guy,right after being distracted by @loadingreadyrun 's wiki ive decided to start getting on with some of @weirdo_films video stuff 
0,2062103282,Sat Jun 06 22:20:39 PDT 2009,NO_QUERY,LucaPants,@ceejux: whenever i get the chance. I work and have no car 
0,2057776317,Sat Jun 06 13:38:23 PDT 2009,NO_QUERY,DELSKI0705,Just finished the first day of training with Sir Manci. Learned a lot today and the training was great. Back to work tomorrow 
4,2016178810,Wed Jun 03 06:18:58 PDT 2009,NO_QUERY,patriciaxo,@ cheskalabbyu  thanks for following  take care ♥
4,1753518716,Sun May 10 02:02:41 PDT 2009,NO_QUERY,londicreations,"@scottrmcgrew I know sleep is so over rated! who needs it, right! "
0,2184662547,Mon Jun 15 16:14:10 PDT 2009,NO_QUERY,natneagle,@gypsydancer13 wow girl look at that old phone in the pic! you look cute with bangs! HOW do you get the ringlets? not like I can do it  ha
4,1970560433,Sat May 30 04:21:21 PDT 2009,NO_QUERY,itsJESSMCMAHON,@BeckyFearns hahaha :') okay.. i hopeee you loooose  oh and i pre orderd new jb album  and burnin up book and rolling stone posterr  x
0,2189325064,Mon Jun 15 23:46:35 PDT 2009,NO_QUERY,parastoo,7 killed in Tehran yesterday? http://edition.cnn.com/2009/WORLD/meast/06/16/iran.elections.protests/index.html  #IranElection
4,2052791404,Sat Jun 06 02:02:15 PDT 2009,NO_QUERY,Fluffy_Cupycake,@SingmySorrow i have for itunes.. i can burn you the itunes copy if you want 
4,1978119240,Sat May 30 22:29:33 PDT 2009,NO_QUERY,SKILLETfan01,@SkiptheZip Thanks.  Hahah well hopefully your internet gets fixed soon...
0,2322552197,Wed Jun 24 22:49:26 PDT 2009,NO_QUERY,ZhuhaiNights,Can't access Google in China - BOO     Guess I've gotta us MS's new www.bing.com  meh.
0,2065197749,Sun Jun 07 08:06:10 PDT 2009,NO_QUERY,gabrielsoaresbr,wake up early tomorrow . 
0,2206174181,Wed Jun 17 06:07:32 PDT 2009,NO_QUERY,ZaLord,@hazemtaji Did you buy a PS3? My xbox360 got the RROD 
0,2065618215,Sun Jun 07 08:57:49 PDT 2009,NO_QUERY,Christinahahaha,Also doesn't help that it is an absolutely gorgeous Boston day (mid 70s) AND @stacey_a_allen invited me to her sister's grad party. 
0,2054430450,Sat Jun 06 07:20:09 PDT 2009,NO_QUERY,mlv,Twitpic on twitterberry's not working. Says file type not supported. 
0,1685528565,Sun May 03 00:48:12 PDT 2009,NO_QUERY,UneeQ12,workin the graveyard shift 
0,1981408276,Sun May 31 09:05:23 PDT 2009,NO_QUERY,HayleyIB,"To atascadeo! Again for practice  text, tweet, myspace."
0,2327534817,Thu Jun 25 08:28:12 PDT 2009,NO_QUERY,6firefly,Twitter is .... somehow borring... 
0,1956657912,Thu May 28 22:22:26 PDT 2009,NO_QUERY,stephaaniemarie,Cuddling with Sammy before I leave him until Sunday  My baaaby!
4,1677976123,Sat May 02 04:56:58 PDT 2009,NO_QUERY,jiriteach,@Jo6789 Indeed I do.  http://bit.ly/Iw9j9. Then again we are ESRI NZ  Estimating customers in NZ should recieve it sometime in June.
4,1969415317,Fri May 29 23:58:13 PDT 2009,NO_QUERY,brettcarr,"Lovely day in Abingdon, driving to North Yorkshire as soon as we've got everything together, hope Sun stays with us "
0,2213045674,Wed Jun 17 14:51:56 PDT 2009,NO_QUERY,Caandicee,Need To Start Revising Physics 
4,1882562222,Fri May 22 07:05:40 PDT 2009,NO_QUERY,jimsissy,@OnlinePublicist Thank you 
4,1795269783,Thu May 14 07:28:17 PDT 2009,NO_QUERY,Q101Chicago,"Saw the Hawks' Dustin Byfuglien, Kris Versteeg &amp; Colin Fraser out in the neighborhood on this kick ass Thursday morn. Conference Finals "
0,2221978086,Thu Jun 18 06:18:31 PDT 2009,NO_QUERY,happyhero,"@darlingnikki08 I'm fine thankyou, apart from a bit of hayfever   How are you doing?"
4,2187093130,Mon Jun 15 19:46:47 PDT 2009,NO_QUERY,KelsiBramlett,@mileycyrus i voted for you! hope you win some great awards! good luck!!! and praying for you!!! 
0,1823219127,Sat May 16 21:24:13 PDT 2009,NO_QUERY,MsBailes,"I just wanna fall asleep, why do you call randomly and mess up my brain process for a night?!! I just want my serenity back "
0,1827677663,Sun May 17 11:12:58 PDT 2009,NO_QUERY,Portabass,@elliotmacaluso I opened.... without you 
4,2001710531,Tue Jun 02 01:48:28 PDT 2009,NO_QUERY,L33tGeek,No one on Twitter has #goodsex. You can all pretend. 
0,2215147702,Wed Jun 17 17:44:33 PDT 2009,NO_QUERY,oldergirlbeauty,"@mallybeauty Can. Not. Wait!  I will stay up to see what goodies you bring, since I am still waitlisted for you TSV.  "
4,2063347844,Sun Jun 07 02:17:45 PDT 2009,NO_QUERY,kimbo7100,@spyn Yeah they are quite uncommon. I only know of them thanks to Gran Turismo 
0,2240290848,Fri Jun 19 09:34:10 PDT 2009,NO_QUERY,marisasmile,I really want to see Boys Like Girls tonight! 
4,1559579870,Sun Apr 19 11:30:45 PDT 2009,NO_QUERY,ela_bee,BRITNEY SPEARS IS FOLLOWING ME!!!!! how cool I should improve my twitters 
4,2001790842,Tue Jun 02 02:05:05 PDT 2009,NO_QUERY,julieannequinn,On my way to @wesleyshearer's for breakfast 
0,1974813267,Sat May 30 13:53:28 PDT 2009,NO_QUERY,magaliface,on my way to work.  ihop tonight with ezelle!
0,1553272282,Sat Apr 18 13:49:36 PDT 2009,NO_QUERY,stephamichele,@hansonmusic I wish the fan event in Tulsa was NOT during my college graduation  miss you guys!
4,1834544048,Mon May 18 03:20:18 PDT 2009,NO_QUERY,amiee_,im putting skins on my ipod 
0,2063987732,Sun Jun 07 04:50:17 PDT 2009,NO_QUERY,Dot12b,@caldjr aw hope you feel better soon 
0,1824298166,Sun May 17 00:47:50 PDT 2009,NO_QUERY,ImSOposh,I guess alls well that ends well...I'm still single for the record lol. Leaving Cleveland will be bittersweet to 
4,1993330617,Mon Jun 01 10:12:17 PDT 2009,NO_QUERY,sjkennedy,@binged love the Twitter handle.   Is  this intended to provide support for all Bing addicts.  I feel like binging on #Bing. 
4,2184485316,Mon Jun 15 15:58:54 PDT 2009,NO_QUERY,ninjasteph,No santigold for me tonight. work til 10 and I'm off tomorrow 
4,2046752375,Fri Jun 05 12:38:27 PDT 2009,NO_QUERY,MsJemily,"and to clear it up...this wasn't an insult...  love ya  (could you say to clear sth up...also, etwas klarstellen ? )"
4,2001724064,Tue Jun 02 01:51:15 PDT 2009,NO_QUERY,SpiderxBear,@caseysevenfold oh ok   come 2 the venue early? 
4,2039936891,Thu Jun 04 23:11:29 PDT 2009,NO_QUERY,gamergrrl,"@Aerliss If you find any, let me know.  All I ever find is manga."
4,2177211898,Mon Jun 15 05:40:47 PDT 2009,NO_QUERY,Manduh_Marie,Cousins graduation 
0,1548318427,Fri Apr 17 20:37:29 PDT 2009,NO_QUERY,CFOServices,@GirlswithGoals I'm sorry to hear about the death of your beloved canine 
4,1979645709,Sun May 31 03:55:59 PDT 2009,NO_QUERY,danboarder,@virtualoptions yes @odemagazine is on Twitter 
4,1956587543,Thu May 28 22:12:28 PDT 2009,NO_QUERY,jellybeaniee,@itsmeleighton hey leighton! how are you? i really like your songs!  you're such a great actress  take care!
4,2003246307,Tue Jun 02 06:10:17 PDT 2009,NO_QUERY,shelliefiocca,"@ work early, emptied the dishwasher, cleaned the kitchen, and made coffee....and its only 10 after 8. "
0,2238755096,Fri Jun 19 07:41:54 PDT 2009,NO_QUERY,nick_nc19,"im soooo bored right now.,.,.,!! "
4,2049691162,Fri Jun 05 17:19:37 PDT 2009,NO_QUERY,KaitlinRussy,lazy friday night with my chicas 
4,2062120586,Sat Jun 06 22:23:10 PDT 2009,NO_QUERY,ChelseaPompeani,kenny chesney concert was amazing!! i LOVE sugarland! 
0,2179618494,Mon Jun 15 09:21:03 PDT 2009,NO_QUERY,geisha88,just finished bade..... surfing online... nutn much to do 
4,1696218489,Mon May 04 07:51:06 PDT 2009,NO_QUERY,adrinux,"@martinb9999 need to get an intel based mac 1st   but this impacts on dual core vs quad choice, latter probably better for virtualization"
4,2018509586,Wed Jun 03 10:04:35 PDT 2009,NO_QUERY,visforvalerie,"@LorraineStanick Oh that's cool. My ex had a band, so I spent a lot of time home alone... At least you're bein productive tonite "
0,2201249175,Tue Jun 16 20:00:46 PDT 2009,NO_QUERY,kidevans,"@SSnet dope track, but no download? "
0,2228087087,Thu Jun 18 14:00:19 PDT 2009,NO_QUERY,AWNG,"Im in da library, noelle and Kayla and connie just left. should i? maybe cuz im really bored. noone 2 chat and laugh with. "
4,2013343147,Tue Jun 02 22:27:04 PDT 2009,NO_QUERY,candy008,"@lollipopup That's fine. Better than keeping it dead, right? "
4,2001674627,Tue Jun 02 01:40:56 PDT 2009,NO_QUERY,thisgoeshere,"@fadedmoon wow. i will need to adjust my sleep. or just wake up like this. at odd times.  well i do that anyway, its how i roll hehe "
4,2057496192,Sat Jun 06 13:06:44 PDT 2009,NO_QUERY,boo_bowglin,time to enjoy what's left of the weekend after a day in work...homemade pizza for tea &amp; cannot wait for a lie in tomorrow 
4,1970486575,Sat May 30 04:03:43 PDT 2009,NO_QUERY,jayegan,@F1_Girl  Well  I guess he has had a fair few silverstone specials  already   Going off your profile pic your a Lewis fan?
4,2187839616,Mon Jun 15 20:53:11 PDT 2009,NO_QUERY,SONGSTR3SS,@Myke329 MAD LATE But GOOD LUCK 
0,1976810935,Sat May 30 19:08:44 PDT 2009,NO_QUERY,scienceofsleep,@amytheallen no... 19  I'd assume they'd check if I actually DID win something
4,1752087839,Sat May 09 21:01:19 PDT 2009,NO_QUERY,alekandsteph,@mkeguy69 thank you  have a great weekend
4,1753366184,Sun May 10 01:17:14 PDT 2009,NO_QUERY,MisaMadness,"@BrandenHaydon Yes, I really do. "
0,2239560993,Fri Jun 19 08:41:36 PDT 2009,NO_QUERY,simpletosayamy,dang i thought the Jonas Brother's were done performing but there was more. Dang i'm an idiot.  i guess youtube.
4,1552036698,Sat Apr 18 10:37:17 PDT 2009,NO_QUERY,Nicoolle,"damn, i haven't read any more of breaking dawn, but i've got loads of piano music  might just go and experiment with them ......."
0,2216838047,Wed Jun 17 20:02:12 PDT 2009,NO_QUERY,Balasi,I am craving for japanese food 
0,2245363011,Fri Jun 19 16:01:35 PDT 2009,NO_QUERY,Shawn0lee2,@DIVACANDICEM - Candice i dont mean to bother you but im really sad that u got released! 
4,2004046033,Tue Jun 02 07:34:43 PDT 2009,NO_QUERY,HeatherShea,@stacey_baby good morning girlie  How are you? xo
4,1983502330,Sun May 31 13:16:45 PDT 2009,NO_QUERY,rightwingyp,Now a days it's not good to be married to a liberal I already stay in trouble 4 not agreeing with her even more so now 
0,2187289677,Mon Jun 15 20:04:00 PDT 2009,NO_QUERY,manderrs,"reading a few chapters of choke, sleep, work. i still feel like shit. "
0,2262838342,Sat Jun 20 23:20:43 PDT 2009,NO_QUERY,krisldavis,"crappy day turned awesome at work, only to come home to discover that my chico dog is sick "
4,2187321745,Mon Jun 15 20:06:43 PDT 2009,NO_QUERY,kulpreetsingh,@DebbyBruck beautiful! when children smile the world smiles 
4,1979606588,Sun May 31 03:46:23 PDT 2009,NO_QUERY,PanicJulz,last night was well good  Charlotte &amp; Imogens are awesome.
4,2176469869,Mon Jun 15 03:57:51 PDT 2009,NO_QUERY,ahvey,"and after all, you're my wonderwall "
4,2064505980,Sun Jun 07 06:27:15 PDT 2009,NO_QUERY,LaylaNatalie,@Elijahbutterz got any pics of the whole jacket? 
0,2231750738,Thu Jun 18 18:58:56 PDT 2009,NO_QUERY,mikeinsd77,"ooooo that sandwich I had just isn't sitting well.....Haven't felt good at all today, shouldn't of eaten "
0,1990598772,Mon Jun 01 05:17:13 PDT 2009,NO_QUERY,Bacon25,@_misshannah damn you !!!  that's properly unfair!
4,2053074174,Sat Jun 06 03:10:08 PDT 2009,NO_QUERY,krisignacio,@hillsongunited can't wait to worship with you guys tonight. it'll be so much fun 
4,1834385759,Mon May 18 02:44:05 PDT 2009,NO_QUERY,MealieMeals,Mmmm slim fast and a fruit cup... Yummy breakfast 
0,1468617899,Tue Apr 07 02:45:41 PDT 2009,NO_QUERY,jaredgunter,Up since 3:00. Going to be a looooong day. 
4,1991385785,Mon Jun 01 06:56:44 PDT 2009,NO_QUERY,janiek1981,got back from hastings/bexhill last night - brill wknd got a little bit burnt - ooops 
4,2176359475,Mon Jun 15 03:39:35 PDT 2009,NO_QUERY,mkg81,@travismcglasson Some really awesome girls... 
0,2071809015,Sun Jun 07 19:57:26 PDT 2009,NO_QUERY,minemogul3,disappointed  signing off
0,2264057188,Sun Jun 21 02:38:44 PDT 2009,NO_QUERY,CannonGod,"@hannahnicklin Aw, sorry to hear that  And it seemed so full of life yesterday! Tbh the USB went on a friends WinMob phone. Hmmm :-\"
4,2047986631,Fri Jun 05 14:29:11 PDT 2009,NO_QUERY,AnnSue,@common Hey !! XOXO 
0,1690941467,Sun May 03 16:43:52 PDT 2009,NO_QUERY,Lmorris22,@JefferyPatch LOL definantly not hot haha. And I would for sure cry if u kicked my unhealed boobs 
0,2257737522,Sat Jun 20 14:48:50 PDT 2009,NO_QUERY,mharagao,@mcflymusic say happy birthday nanda to @nanda_marinho please 
4,1548701182,Fri Apr 17 21:42:27 PDT 2009,NO_QUERY,lmpotter,"@zownder Fun, my daughter also lead her CS team  I love girl gamers!!!"
4,1962676569,Fri May 29 11:26:47 PDT 2009,NO_QUERY,nothoney,"@ad_infinitum Why yes, I can. The Ultimate Vegan Guide by Eric Marcus: http://bit.ly/rQp7n You can always ask me anything, you know. "
0,2206152008,Wed Jun 17 06:05:23 PDT 2009,NO_QUERY,sydlawrence,well done http://www.nationalrail.co.uk/ doing an excellent job yet again 
4,1964733891,Fri May 29 14:42:58 PDT 2009,NO_QUERY,curious_maxii,@mileycyrus http://twitpic.com/67hac - Looks like you guys were having fun 
4,2175933428,Mon Jun 15 02:25:25 PDT 2009,NO_QUERY,mechanicmind,@VasiVallis Vienna Bounce  *bounce-bounce*
4,2054087843,Sat Jun 06 06:31:31 PDT 2009,NO_QUERY,katyyhiyaa,Today shall be great 
0,1694635976,Mon May 04 03:30:27 PDT 2009,NO_QUERY,NicolePones,i think i have an eye infection 
4,2002203996,Tue Jun 02 03:29:34 PDT 2009,NO_QUERY,Emily_TeamJodie,"going to sainsburys n then cutteslowe after ,by the way this message is sent through txt not web  x"
4,1835472927,Mon May 18 06:04:16 PDT 2009,NO_QUERY,NikkiMK,@sitleclark thanks. 
4,1963354107,Fri May 29 12:35:46 PDT 2009,NO_QUERY,directorsara,@susanforshner  that exciting huh!!
0,2326866322,Thu Jun 25 07:36:53 PDT 2009,NO_QUERY,jill777,@DonnieWahlberg Morning! Will you @jasonjmikemgmt be giving out tix to houston as well??  i want 2 make the trip &amp; there is sh*t left! 
4,2192535434,Tue Jun 16 07:10:52 PDT 2009,NO_QUERY,kendroboto,@jasondilts That's awesome.  
4,1999434525,Mon Jun 01 20:12:41 PDT 2009,NO_QUERY,Wyldceltic1,@likeSunday  One needs to go further up the road. It's only a bit farther than where you're at 
0,1677492363,Sat May 02 02:21:59 PDT 2009,NO_QUERY,silentloner,My head isn't healing well it feels that way 
0,2189700092,Tue Jun 16 00:40:50 PDT 2009,NO_QUERY,Nicolee09x,"@DanggItsDevin hahar, whaaat concert youu goiing too? man yourr lucky  youu couldnt go &amp;&amp; not geht me anything ahar. "
4,2001623985,Tue Jun 02 01:30:25 PDT 2009,NO_QUERY,MandyPandy32,@Mennard You're welcome...most enjoyable to read  x
0,2196745761,Tue Jun 16 12:52:39 PDT 2009,NO_QUERY,kiers94,packing up my room 
0,1968239058,Fri May 29 21:02:13 PDT 2009,NO_QUERY,Queensowntalia,Saw Walk the Line tonight.Never heard much Cash before.I could definitely appreciate this.Why do I only &quot;discover&quot; artists after they die 
0,2052005752,Fri Jun 05 23:23:15 PDT 2009,NO_QUERY,RisaRM,@imcute519 grr I know!!! And especially m/u tutorials. It's like damn! I just put all this on for no reason 
4,1834940167,Mon May 18 04:40:40 PDT 2009,NO_QUERY,CoConutShelle,Is watchin her burger n chips being cookd lol  x
0,2323252014,Thu Jun 25 00:13:53 PDT 2009,NO_QUERY,xxellenx,this flat hunting malarky is rubbish 
4,2065558206,Sun Jun 07 08:50:30 PDT 2009,NO_QUERY,Aldeans_GaPeach,Had a great time last night skyy vodka does the body good... until the next morning.  hehe
4,2000490937,Mon Jun 01 22:14:05 PDT 2009,NO_QUERY,carlacharisse,fine...there are so many movies 2 anticipate...especially &quot;harry potter 6&quot;...cause that's shown on my birthmonth...wooot!!! 
4,2064024888,Sun Jun 07 04:58:22 PDT 2009,NO_QUERY,aNgeLoFDeaTho14,"&amp;&amp; i'LL confess that i can be a LiL seLfish,, smiLe "
0,1960753649,Fri May 29 08:27:12 PDT 2009,NO_QUERY,Mia702,@GeezusHaberdash Awww   I told you when I would change it. I suggest you try to get in touch w/ Dre's people. LOL
0,2062368011,Sat Jun 06 23:02:10 PDT 2009,NO_QUERY,tim_butcher,@jemappellekim it all got a bit messy. When are you back in Melb? Just about to board flight to Adelaide 
0,2013118838,Tue Jun 02 21:57:41 PDT 2009,NO_QUERY,cmkhouri,ahhh noooo.....now everyone will know I'm gullible 
0,2284232385,Mon Jun 22 13:37:47 PDT 2009,NO_QUERY,davidpetersonh,"@pjraval They searched my person, too. One grabbed my stomach under my sweater. That's what I get for wearing a sweater in snowy weather. "
4,1824018438,Sat May 16 23:45:20 PDT 2009,NO_QUERY,DivyaKalyan,@zaxonate47  kaathaala romba bore adichathu.. athan   hws t hot hot weekend
4,1553429555,Sat Apr 18 14:14:39 PDT 2009,NO_QUERY,Nicole_Starwalt, someone is happppy(:
4,1990062009,Mon Jun 01 03:45:18 PDT 2009,NO_QUERY,Jopiter,@MohammedQBM if you had the test already: how did u do? If not: good luck 
4,2053985393,Sat Jun 06 06:15:26 PDT 2009,NO_QUERY,ayumi_rollan,LOADING... || watching nothing but the truth. 
4,1755122413,Sun May 10 08:19:02 PDT 2009,NO_QUERY,eberduu,going outt for supper tn(:    Happy Mothers Dayy 
0,2203647466,Wed Jun 17 00:12:33 PDT 2009,NO_QUERY,MelleRobot,Who is going to the Online Fashion 100 party tonight in London? I am invited but nobody to go with 
0,2225805621,Thu Jun 18 11:10:10 PDT 2009,NO_QUERY,TavoriteBijou,getting ready for work...I'm tired of smelling like fries and looking like I had a fight with a milkshake!! (No not McDonald's hun)  
4,2066885876,Sun Jun 07 11:21:10 PDT 2009,NO_QUERY,bykimbo,Thank you very much everybody for the kind comments about my design work - I'm flattered. 
4,2057041839,Sat Jun 06 12:15:41 PDT 2009,NO_QUERY,jj_has_lost_it,@colinbaylen you guys! 
4,2189225052,Mon Jun 15 23:31:57 PDT 2009,NO_QUERY,tuberlooser,"Morning. I have messy hair, and it's wet. Time to get dressed. Science, History, R.E and Music exam today "
4,1468068396,Mon Apr 06 23:32:34 PDT 2009,NO_QUERY,Rellacafa,@EmVicW really? i interpret it as 'yes i can do that &amp; not bother u further' (hav said to bosses in the past) 
4,2068135312,Sun Jun 07 13:33:34 PDT 2009,NO_QUERY,Marston,"@bhaugh Hrm, happy &quot;10,000 days old&quot; day? "
4,2178984577,Mon Jun 15 08:29:02 PDT 2009,NO_QUERY,djrocko951,3 things I need rite now *food **car ***my negra  lol  http://myloc.me/3V2n
4,1957251442,Thu May 28 23:57:19 PDT 2009,NO_QUERY,bobchansk,"is happy that today is a good friday, don panic, be happy "
0,2264751444,Sun Jun 21 04:50:17 PDT 2009,NO_QUERY,Steveboy02,"It was verry nice yesterday, she is still here, she is going around 5 PM, I will miss her "
0,1986917523,Sun May 31 19:30:37 PDT 2009,NO_QUERY,FayeFoucault,MTV awards are not on in my area 
0,1974671194,Sat May 30 13:36:31 PDT 2009,NO_QUERY,simba98,@xnausikaax oh no! where did u order from? that's horrible 
4,1564454159,Mon Apr 20 03:34:04 PDT 2009,NO_QUERY,Starxx1,is playing around on facebook then im going out before i go to work .  x
0,2064150967,Sun Jun 07 05:23:34 PDT 2009,NO_QUERY,BrandyWandLover,"@rustyrockets i think, mr brand, that u at least owe us a few tweets after abandoning us uk girlies for LA  xx"
0,1984948893,Sun May 31 16:07:35 PDT 2009,NO_QUERY,leighannirvine,@Trucco905 yeah i have these extra strength things my mum takes for her leg! and no chemist will be open when i go... god! 
0,2298885807,Tue Jun 23 12:14:03 PDT 2009,NO_QUERY,blinkxxatl,@xPowxBangxBoomx dammiitt!! i wish i had MTV 
0,2069280822,Sun Jun 07 15:35:24 PDT 2009,NO_QUERY,envysays,@BBManik naw  are you!?
0,1999941032,Mon Jun 01 21:06:16 PDT 2009,NO_QUERY,heycassadee,@JackAllTimeLow I think I'd enjoy it more if it wasn't so smoky  but we'll probably go!
4,2190575749,Tue Jun 16 03:07:19 PDT 2009,NO_QUERY,jkivit,Observation after 24 hours of Russia.  I think they like being pessimistic here  #rusland2009
0,2006461353,Tue Jun 02 11:12:07 PDT 2009,NO_QUERY,crazymitchell,Only 1 hour 50 minutes left of work  Better get back to it then 
4,2054024056,Sat Jun 06 06:21:33 PDT 2009,NO_QUERY,GHNI,"I'll be tweeting 4U during the 48hr tweetfest to raise money 4 schools in Kenya/Ethiopia, 17-19Jun. #GHNI  (via @JJNextGenTV)"
0,1573661749,Tue Apr 21 02:14:20 PDT 2009,NO_QUERY,ANTD123,@_supernatural_ Hi ;) can u tell me if u have managed to mail them things yet? i have tried emailing u but with no luck 
0,1997688116,Mon Jun 01 17:17:07 PDT 2009,NO_QUERY,one_wingedangel,@veropperez awwww my poor muffins i had to make those and i didnt make them for the cat HE TOOK THE WHOLE FREAKIN BAG and ran away  aw man
4,2179108091,Mon Jun 15 08:39:19 PDT 2009,NO_QUERY,corinimai,Off to explore Buffalo by foot 
4,1973139726,Sat May 30 10:33:50 PDT 2009,NO_QUERY,KellyD23,"@jamiefarhat so I'm leaving soon to go to a park with my mum, but when I return we must watch LOST, oh and I'm on episode 11 of BTVS "
4,2000841501,Mon Jun 01 23:06:26 PDT 2009,NO_QUERY,Morgaine_LaFay,"@hellonhairylegs Trueblood and Dexter should be back within weeks! Best. Shows. Ok, maybe not Ever but Currently at any rate. "
0,1970185954,Sat May 30 02:48:45 PDT 2009,NO_QUERY,ShaliniN,I'm extrememly lonely right now! Everyone is out and I'm stuck here doing Maths revision...against my will! Boo! 
4,2069344376,Sun Jun 07 15:42:22 PDT 2009,NO_QUERY,CuArEnToNa,Waiting for Game 2 To Start! GO LAKERS 
0,1881489112,Fri May 22 04:48:14 PDT 2009,NO_QUERY,ria0017,i hate mornings. Even friday mornings. Wish i wasn't so tired.... 
0,2264873983,Sun Jun 21 05:11:06 PDT 2009,NO_QUERY,SazzyMCH,I am not poorly sick like @loobydo but I am not a happy bunny - I ache 
4,2192397510,Tue Jun 16 06:58:44 PDT 2009,NO_QUERY,ghbetbeze,@NuGoth lol So am I - kinda  What is it you do actually?
4,1825505955,Sun May 17 05:56:33 PDT 2009,NO_QUERY,brocja01,"is getting ready for a day outside.  I should go out and mow the lawn, and then golfing this afternoon.  "
4,1557078024,Sun Apr 19 01:53:31 PDT 2009,NO_QUERY,elleb87,is heading back home this afternoon after a great weekend up here 
0,1962234248,Fri May 29 10:43:54 PDT 2009,NO_QUERY,ozpancakes,Yeah. It's sad. 
4,1976766108,Sat May 30 19:00:27 PDT 2009,NO_QUERY,daisykilledafp,@bethofalltrades http://twitpic.com/69bs9 - happy birthday! 
0,2261281815,Sat Jun 20 20:32:48 PDT 2009,NO_QUERY,LadyLawww,Work sucks when your here all day 
0,2190824590,Tue Jun 16 03:49:48 PDT 2009,NO_QUERY,michaelbaylosis,@beyoncatweets How awesome? Lol... I guess they were good but it could still be better 
0,2250659864,Sat Jun 20 01:07:36 PDT 2009,NO_QUERY,LucindaShonna,Crap Steve Jobs had a liver transplant???? Oh man thats not good  LOL
4,1956731778,Thu May 28 22:33:00 PDT 2009,NO_QUERY,DannyAttack,@PeterJWestwick oooo wanna share with me?! 
4,1976062836,Sat May 30 16:30:21 PDT 2009,NO_QUERY,13o5,http://twitpic.com/6ap6b - Oatmeal Raisin Cookies 
4,1686075124,Sun May 03 03:37:29 PDT 2009,NO_QUERY,smuttysteff,"@OLMMark Yeah, just wrote something. Just published it, actually. Have a third glass of wine left. Bed soon, I guess.  How are ya?"
0,1969844806,Sat May 30 01:26:40 PDT 2009,NO_QUERY,pradeeprama,Rahman's performing 2row in Pune. But I will not be able to make it 
4,1551428161,Sat Apr 18 09:01:54 PDT 2009,NO_QUERY,monicarox,My kitty's so snuggly and Designed to Sell is on. What else do I need? Hmm... maybe some food 
0,2251087443,Sat Jun 20 02:23:50 PDT 2009,NO_QUERY,meabhaline,@embeep sorry about your sadness  I'll be home next weeked. we can faff about and stalk celebs on twitter
4,1573273082,Tue Apr 21 00:26:00 PDT 2009,NO_QUERY,whatonline,lol @QueenLizII - maybe the Queen does tweet! 
0,2001368679,Tue Jun 02 00:39:33 PDT 2009,NO_QUERY,rogersnotrogers,@MissMarty  on a day like today I'd have loved that!  I only got to my lunch at 430 today 
4,1974691523,Sat May 30 13:39:02 PDT 2009,NO_QUERY,Mkdons66,@Pensm Depends which side. Will be either 20&quot; or 31&quot; 
4,2063464534,Sun Jun 07 02:45:56 PDT 2009,NO_QUERY,ck2d,@janelle30 Or &quot;there&quot; - whatever.  It's bloody early! But insomnia = fresh blueberry muffins for breakfast. Mmm!
4,1964396692,Fri May 29 14:10:13 PDT 2009,NO_QUERY,wonder_nat,"@Nonicam that classic help desk response-turn it off, turn it on again! Glad it works now "
0,2322448676,Wed Jun 24 22:38:09 PDT 2009,NO_QUERY,felinius,"@forcystus arrrgh, at least you got into stats.  i failed diagnostic exam so i lost my spot. ;_;"
4,2063218302,Sun Jun 07 01:48:16 PDT 2009,NO_QUERY,cheelin,http://twitpic.com/6thoo - my smile technique  so you wont see my pimple. hahaa
0,2068227908,Sun Jun 07 13:43:12 PDT 2009,NO_QUERY,CallumTM,"@Vickeretta Nooooo, i reckon Alan likes it. It's different, it's a risk - he likes risk takers. C'mon Yas! "
0,2190948506,Tue Jun 16 04:09:06 PDT 2009,NO_QUERY,JessicaPearman,http://vibejournal.com/jessica_art/ needs a new home 
0,2210216773,Wed Jun 17 11:18:41 PDT 2009,NO_QUERY,MaryanneSings,I am beyond exhausted today.  I have absolutely no motivation to do anything. Plus a nasty headache. 
4,2071797682,Sun Jun 07 19:56:28 PDT 2009,NO_QUERY,athenalatina,Lakers lead by six in overtime yay! 
0,2230801633,Thu Jun 18 17:37:30 PDT 2009,NO_QUERY,duhhjennster,grounded 
0,2206157277,Wed Jun 17 06:05:53 PDT 2009,NO_QUERY,Vix_Pix,"Foolishly, I typed m*rketing in my last Tweet (but with an A, not an *) Now have a shed load of related bots (and/or twats) following me. "
4,2056371849,Sat Jun 06 11:01:28 PDT 2009,NO_QUERY,LiLatin147,Going to the car show today cant wait 
0,2178300794,Mon Jun 15 07:29:54 PDT 2009,NO_QUERY,JoyAnnaMitchell,@LisaAucoin just had a tooth shatter last night  Nothing new otherwise. Loving the summer schedule lol Talk soon!!
4,1999078226,Mon Jun 01 19:36:16 PDT 2009,NO_QUERY,aarika_renaa,Finally got twitterfon up &amp; running 
0,1963643799,Fri May 29 13:02:07 PDT 2009,NO_QUERY,SarahPsyDeal,@eedawson It's not gonna storm!  because I said so! 
0,2260228529,Sat Jun 20 18:52:53 PDT 2009,NO_QUERY,chrisnickinson,3 cheers for losing the cell phone charger cable 
4,2192081370,Tue Jun 16 06:28:40 PDT 2009,NO_QUERY,PrimoAssistance,"@DarleneVictoria Oh, I hope you and @KenaRoth don't have to wait that long either "
0,2181363433,Mon Jun 15 11:43:39 PDT 2009,NO_QUERY,tastefulcupcake,Omg my bff just said he wouldn't kiss me @NasVegas 
4,2014022444,Wed Jun 03 00:14:03 PDT 2009,NO_QUERY,thekelliejane,@ElizaPatricia The glasses make you look coquettish. 
4,1835246339,Mon May 18 05:31:29 PDT 2009,NO_QUERY,Pantaryl,@ItsTimCox Thanks so much  I just really wanna hear his commentary! hahaha  I'm almost done watching all TV Whedon. I'm up to Spin t ...
4,1679769904,Sat May 02 10:08:15 PDT 2009,NO_QUERY,Melii_Miley1Fan,Hey the @JonasBrothers are doing a live web chat on May 7th! I'm inviting you! http://bit.ly/14etEe #jonaslive 
0,2226844109,Thu Jun 18 12:27:29 PDT 2009,NO_QUERY,racheylhotdamn,R.I.P. Sidekick. You've been through quite a lot with me 
4,1825797924,Sun May 17 06:52:14 PDT 2009,NO_QUERY,raybaumann,is taking ESV study bible to church dispite chiropractors recomendations not to  it's big
0,2219510944,Thu Jun 18 00:42:22 PDT 2009,NO_QUERY,ab_linguistics,"It's 8.40 am, and I have already finished my first half hour of work. Don't know how I did it, brain is still half asleep. "
4,1970811275,Sat May 30 05:17:39 PDT 2009,NO_QUERY,Clairey_g98,"yay party tonite, tried getting ready for it last night but was so tired. it least i know what i am going to wear "
4,2055044685,Sat Jun 06 08:35:31 PDT 2009,NO_QUERY,LaineTanya,Movie day 
4,2188468243,Mon Jun 15 21:57:21 PDT 2009,NO_QUERY,stephoncotton,"@basseyworld lol, no im not a &quot;logo designer person&quot; per se.. lol, but i happen to be good and everything but a pro at nothing.. "
4,1976013506,Sat May 30 16:23:59 PDT 2009,NO_QUERY,apatheticnerd,"@joshgrieve I take it back. You called me last week and I said no. You get a pass this time, but dont let it happen again "
0,1998629697,Mon Jun 01 18:52:03 PDT 2009,NO_QUERY,bkepn,"just woke up, ive been asleep sine 4 hah. i dont feel good  &amp; the people i used to steal internet from, moved. so text (: instead of m ..."
0,1975450744,Sat May 30 15:11:00 PDT 2009,NO_QUERY,Stylerep,@Cause4Conceit And I luv it!! But I'm very hurt that only Sam Goody had the album in my city and they sold out!! 
0,2216222412,Wed Jun 17 19:11:50 PDT 2009,NO_QUERY,bijouboutique,@KatyLinda oh no  i thought both would be cool - guess i'm not cool w/ the 4yr olds lol
0,1691052418,Sun May 03 16:59:13 PDT 2009,NO_QUERY,bellezebub,dont like it when the tour ends. 
0,2062234364,Sat Jun 06 22:40:27 PDT 2009,NO_QUERY,CVG95,I'm emo because I can't be part of demi's music video! one of the saddest days of my life 
0,1972485629,Sat May 30 09:18:55 PDT 2009,NO_QUERY,kiwikjh,WTF is going on with the Chiefs? Getting smashed at the 1/2 way point of the S14 final 
4,1990132162,Mon Jun 01 03:59:01 PDT 2009,NO_QUERY,BridieMayDeacon,Just got sent home from school for being to far ahead despite missing 3 weeks of school. Woot. 
0,1996545073,Mon Jun 01 15:15:55 PDT 2009,NO_QUERY,illogicalmonse,My nose got sunburned &amp; now its peeling. Ewww 
4,1565329569,Mon Apr 20 06:29:38 PDT 2009,NO_QUERY,elae,@CBCebulski Are ChesterQuest runner-ups invited to send you more recent samples? I'd love to see what you think about my current stuff. 
0,2243582312,Fri Jun 19 13:38:05 PDT 2009,NO_QUERY,myfunclub,"@crazydiamondsi Eh up you  We are talking SAAB 9-5 se, estate too. Had to get a 2.0t as insurance wouldn't touch Poppet on a 2.3t "
4,1995150194,Mon Jun 01 13:01:49 PDT 2009,NO_QUERY,ashmama89,@AndreaGreer1 SOOO good seeing you 
4,1998997854,Mon Jun 01 19:28:18 PDT 2009,NO_QUERY,Kim910,@dmlcartel I agree... it doesn't match my eyes and it makes my skin tone look pale.  
0,2183591516,Mon Jun 15 14:43:01 PDT 2009,NO_QUERY,MCal27,Just attempting to watch Quantum of Solace again after leaving it disappointed sometime ago... Yes it is as crap as I remembered 
0,2067716535,Sun Jun 07 12:50:06 PDT 2009,NO_QUERY,dancer4lifex,*twisted.. gahh studying is making screw up my commercial 
0,1835556415,Mon May 18 06:15:28 PDT 2009,NO_QUERY,nebbiolata,"Bonjour, jet lag. Awake so early I heard the NY Times hit the front step. That's bad "
0,2235765879,Fri Jun 19 02:01:18 PDT 2009,NO_QUERY,pretty_paws,"@alisonrothwell Hi Ali, I can only DM you if you follow me  sucks huh? PM me through EKM if you like. Gaz"
0,2204351031,Wed Jun 17 01:59:33 PDT 2009,NO_QUERY,andrewneary,"Watching a progress bar go across the screen. Very, very dull and tedious. "
0,1573615885,Tue Apr 21 02:01:05 PDT 2009,NO_QUERY,princessbutterc,@munkimatt yes but I can play while I work with this iPhone!! I smashed my screen on sat  ok add me in facebook!! Lady Vivienne McCourt!
0,2007062563,Tue Jun 02 12:05:25 PDT 2009,NO_QUERY,sabenn22,once the concert stories start rollin in I might have to go into hibernation 
0,2224349912,Thu Jun 18 09:23:42 PDT 2009,NO_QUERY,jordanalexisbby,"Poor Dyno  he's okay though, he didn't get flushed all the way!"
0,2215802062,Wed Jun 17 18:37:52 PDT 2009,NO_QUERY,inikia,On the phone with my baby. I miss him so much. 
4,1573838552,Tue Apr 21 03:05:46 PDT 2009,NO_QUERY,anupitkanen,Amazing person and a leader Now its time to say a big thank you Dial my number any time as You will always have me as a friend 
4,1695693400,Mon May 04 06:44:13 PDT 2009,NO_QUERY,AcidReignMusic,How is everyone on this fine Monday?   what is everyone's opinion of the new Wolverine movie?
0,2179394526,Mon Jun 15 09:02:46 PDT 2009,NO_QUERY,length2mm,@somanybabes ARE U WORKING TMR?!? shit cathay shutter very heavy 
0,2324768072,Thu Jun 25 04:00:02 PDT 2009,NO_QUERY,Katie_May,"@missmissen Well no not really, but it still makes me sad! "
0,2286690871,Mon Jun 22 16:47:33 PDT 2009,NO_QUERY,CexCellsAudio,@thedistraction im seeing mewithoutyou that night in NYC otherwise i would go 
0,1980292819,Sun May 31 06:18:40 PDT 2009,NO_QUERY,PrettyBrownBrwn,good morning..i woke up to my boo leavin me  wat im i goin to do for like 4 days??? im miss you already
0,1997961747,Mon Jun 01 17:45:29 PDT 2009,NO_QUERY,erikadanyel24,Our red tail hawk has to go to a rehabilitater now 
4,2052745184,Sat Jun 06 01:51:32 PDT 2009,NO_QUERY,sweetlikeLIME,@YourDarlinh wtf are you still awake? I wanna go swimming 
0,2068428952,Sun Jun 07 14:03:51 PDT 2009,NO_QUERY,blackenedgirl,"My dad wiped our comp hard drive cuz hes weird, so i cant watch buckley on blogtv  34 more minutes  &lt;!itsabby!&gt;"
4,2189748442,Tue Jun 16 00:48:28 PDT 2009,NO_QUERY,jessicastrust,@MoocherGirl Hi - survey seems working now 
4,1677477245,Sat May 02 02:17:01 PDT 2009,NO_QUERY,sangfroid,@sreejith At least you got @karteekj create his account 
4,1832600323,Sun May 17 21:05:36 PDT 2009,NO_QUERY,johnboy221,found out about the earthquake on twitter.  didnt feel it one bit because i was driving 
0,2232741622,Thu Jun 18 20:19:48 PDT 2009,NO_QUERY,SLeepdepD,@JudahGabriel i wish i had that much to say 
4,2052282477,Sat Jun 06 00:12:58 PDT 2009,NO_QUERY,Dutchrudder,@joshtastic1 they should bottle it  LOL
4,2190105788,Tue Jun 16 01:47:01 PDT 2009,NO_QUERY,Burakkocal,back from the blood test now i get 2 eat 
4,2059712793,Sat Jun 06 17:29:12 PDT 2009,NO_QUERY,dianadell,@mmkrill Brings back memories 
0,2016514763,Wed Jun 03 06:54:41 PDT 2009,NO_QUERY,tygerzoe,"worse than i suspected, she was so disgusted in me, she wouldn't talk to me, i had to talk to the dentistry-class-taking receptionist, "
4,2051394834,Fri Jun 05 21:54:33 PDT 2009,NO_QUERY,realdigital,love spain! it's so much fun! 
0,1834191909,Mon May 18 01:59:15 PDT 2009,NO_QUERY,raphka,watching lost and then i got to v=cover 150 pages 
0,2174954568,Sun Jun 14 23:43:09 PDT 2009,NO_QUERY,candacefaye,Im mad im sittin here &amp; i wanna go to sleep but cant! uuuuhhh 
4,1989410317,Mon Jun 01 01:26:13 PDT 2009,NO_QUERY,SandiMon,'It Ain't Over 'Til It's Over'  ♫ http://blip.fm/~7f4b7
0,2175302784,Mon Jun 15 00:36:56 PDT 2009,NO_QUERY,sawarahh,@cathicks I don't get it. 
0,2202148109,Tue Jun 16 21:19:01 PDT 2009,NO_QUERY,f0rr357f1r3,I didn't get my free coke glass 
4,1966963600,Fri May 29 18:43:19 PDT 2009,NO_QUERY,_ericatsk,gonna watch 'the outsiders' 
0,2231578680,Thu Jun 18 18:44:39 PDT 2009,NO_QUERY,lkefct,so we came in fourth place for trivia. oh well. 
0,1994177368,Mon Jun 01 11:32:03 PDT 2009,NO_QUERY,kthomas5,Bigger! Bag broke jumping onto tube which then trapped my foot! Almost lost my flip flop 
4,1974888871,Sat May 30 14:01:20 PDT 2009,NO_QUERY,DarimK,"@bkzzang woh, nothing judgmental here. just a pure guess retrieved from 140. "
0,2301562275,Tue Jun 23 15:36:28 PDT 2009,NO_QUERY,deiaoikawa,"@tommcfly hey Tom, I'm waiting for you back to Brazil cuz I didn't go to your last concert here  are you coming in October?"
4,1974812892,Sat May 30 13:53:25 PDT 2009,NO_QUERY,merrypranxter,@ShimTheDream i know i'm overdoing the anchorman thing but goddamn i just had to get that one in there. it was too perfect 
0,2176548610,Mon Jun 15 04:09:54 PDT 2009,NO_QUERY,JasmineDunlop,is sooooooooo sore...like everywhere hurts 
4,1982908729,Sun May 31 12:08:12 PDT 2009,NO_QUERY,bordadoingles,@Rosental  Porto is incredibly beautiful.
0,2264631528,Sun Jun 21 04:28:40 PDT 2009,NO_QUERY,andychong9,Dad having fever again.. Not looking too good 
4,1548811704,Fri Apr 17 22:02:37 PDT 2009,NO_QUERY,immabamf,@SlantedSmiley fine its OURS 
4,2052849125,Sat Jun 06 02:15:50 PDT 2009,NO_QUERY,amirasalvi,thatboy; - Your welcome. I like your posts.  http://tumblr.com/xp01ys7mt
4,1827878441,Sun May 17 11:38:10 PDT 2009,NO_QUERY,monkeys4life509,I'm so excited  have a fantastic day
0,2007525119,Tue Jun 02 12:46:03 PDT 2009,NO_QUERY,juhmzywumzy,Ugh my mom took away half the cable 
4,1827762634,Sun May 17 11:23:41 PDT 2009,NO_QUERY,lelepimenta,"@lounginglinda Ouch. Their biological clocks are quiet wonky, aren't they? Hee. B. loves schedule. As long as it doesn't match mine. "
4,2176423388,Mon Jun 15 03:50:08 PDT 2009,NO_QUERY,Bmycharity,Off to the Garter Ceremony at Windsor Castle 
4,1999411559,Mon Jun 01 20:10:20 PDT 2009,NO_QUERY,KimEllis,@AquaAHH #ilove everything old school!  
4,2049709749,Fri Jun 05 17:21:36 PDT 2009,NO_QUERY,PatrickAnna,"WOW! Free falling 120 miles per hour in the air from 12,500 feet altitude...  http://snipr.com/je9tb"
4,2002802842,Tue Jun 02 05:11:54 PDT 2009,NO_QUERY,vitamnchrystal,~~~~&gt; &quot;street dreams are made of these....who am ! to d!sagree&quot; (-4th!rty.......! LOVE TH!S SONG)....  
4,2001352899,Tue Jun 02 00:36:26 PDT 2009,NO_QUERY,analysisofpoe,@brigittepicot LOL exercise yes. brain gym. yes i did 
0,2297793861,Tue Jun 23 10:52:52 PDT 2009,NO_QUERY,kristeejo,@shadowfaerie ahhh i'll be driving to pick up hannah wed.  
0,2219315671,Thu Jun 18 00:15:45 PDT 2009,NO_QUERY,kimmy_gurl_33,"@NinjaLikesCheez *tears* video games = death.  @damnELECTRIC if you send me the money, I so would, but i'm hella broke and up at 2:15am.  "
4,2174867185,Sun Jun 14 23:30:14 PDT 2009,NO_QUERY,FairySteph,"ohhh! and and and, haha, lol. Swag? igotmyswagback?? HAhaa. Honestly I feel flattered. "
4,2066609465,Sun Jun 07 10:50:34 PDT 2009,NO_QUERY,Tabbulous,@jaxn do it  I'll follow and contribute.
4,2052624098,Sat Jun 06 01:23:33 PDT 2009,NO_QUERY,allisonconelly,White water here I come! 
4,1982856813,Sun May 31 12:02:13 PDT 2009,NO_QUERY,MsKnitSox,@JonathanRKnight for realz! Safe travels- hope things go much more smoothly this time around.   &amp; that you are having a great day so far!
0,2219386499,Thu Jun 18 00:25:14 PDT 2009,NO_QUERY,katrinawebb,@shaundiviney i fucking missed my call! what happens then 
0,2070820798,Sun Jun 07 18:21:14 PDT 2009,NO_QUERY,bhalleyhs,i want someone to cuddle with right now. 
4,2178235745,Mon Jun 15 07:24:00 PDT 2009,NO_QUERY,alexmercerscott,"@Astro_127 Fingers crossed, and all the best to you. Like millions, I'd love to be in your shoes. Maybe just for the launch part though. "
4,2047813369,Fri Jun 05 14:13:12 PDT 2009,NO_QUERY,BensStudio,Going to my aunts. Yay! Be warned. She is a facebooker. We will have fun though 
0,1556868104,Sun Apr 19 00:44:53 PDT 2009,NO_QUERY,LaujBadAss,day 2 w/o my iphone is not goin so good 
0,2066141815,Sun Jun 07 09:58:08 PDT 2009,NO_QUERY,haleydamm,so so burnt 
4,2052014206,Fri Jun 05 23:24:43 PDT 2009,NO_QUERY,ShrimptonGirl,@ShrimptonCoutur = mother: http://tinyurl.com/qg6h4n  @ShrimptonGirl = daughter: http://tinyurl.com/r8y8yf Let us know what you think! 
0,1753019777,Sat May 09 23:49:26 PDT 2009,NO_QUERY,mookyvet,"@MissDangerMouse Hell yes!  Where have you BEEN, man?  You're never on AIM anymore. "
0,1880666283,Fri May 22 02:03:31 PDT 2009,NO_QUERY,djrickdawson,Jean Michel Jarre concert tomorrow  gotta work 7-3 before though 
0,1978513188,Sat May 30 23:35:33 PDT 2009,NO_QUERY,cmoncase,embarrassed. reality check 
4,1793548492,Thu May 14 03:06:55 PDT 2009,NO_QUERY,_DrInE_,@sillybeggar Congrats James !! I'm sure the book is going to be a huge success 
0,2014269923,Wed Jun 03 00:59:10 PDT 2009,NO_QUERY,BlackCat_Saya,@Rohan_01 You know..it's really sad that u know that ur classmate don't care about you..        sad memories T.T
0,2255538709,Sat Jun 20 11:24:54 PDT 2009,NO_QUERY,Kimber_Ann,@HOTTVampChick no  no more unless I win irvine tix or break down and go to another concert
4,1676191607,Fri May 01 21:20:31 PDT 2009,NO_QUERY,abid,just ha5 dinner at We be shushi. We be happy 
4,1759540939,Sun May 10 19:26:27 PDT 2009,NO_QUERY,WhoseLineRules,I won't get a chance to put in my FOB question in so I'm a little bummed but I'm watching Jim Gaffigan: King Baby so it's all good  BACON!
0,1823846837,Sat May 16 23:10:33 PDT 2009,NO_QUERY,kayfras,"Soooo, song of my night - beep  by bobby v.  I miss my mommy.  . But i will be w/ her in the a.m . Jimboy's was on hit tonight !"
4,1956618400,Thu May 28 22:16:50 PDT 2009,NO_QUERY,lethalz,excited that wristcutters is finally on On Demand 
4,1993246818,Mon Jun 01 10:04:08 PDT 2009,NO_QUERY,marenhogan,@nerdseyeview oh.my.goodness. I have been saying &quot;prophetess&quot; for years. I think I even screamed it at a concert. SO EMBARRASSED! 
4,2014000209,Wed Jun 03 00:10:18 PDT 2009,NO_QUERY,TaylorWakelin,@tracecyrus http://twitpic.com/6ipnf - Hmmm YUM   btw why you have so many tatoos ? not like i hate it or anything lol x
0,2179596492,Mon Jun 15 09:19:16 PDT 2009,NO_QUERY,DJMissfrenchie,"Been working hard. London had glorious weather, came back to Kent and it was raining "
4,1985751080,Sun May 31 17:42:12 PDT 2009,NO_QUERY,smaries_09,I know that I have issues but you're pretty fucked up too....so don't judge me 
4,1995316704,Mon Jun 01 13:17:44 PDT 2009,NO_QUERY,morganvsSTDs,Coffee date with the ladies  I see Cotie in a few hours &lt;3
4,2059331285,Sat Jun 06 16:43:01 PDT 2009,NO_QUERY,purplexcrayon,the Red Sox got a home run 
4,1685950623,Sun May 03 02:57:08 PDT 2009,NO_QUERY,pawmarks,"@spoggy hi bill, thx for the follow - you do a lot of affiliate marketing? ever tried mktg your OWN thing? "
0,2300053959,Tue Jun 23 13:40:33 PDT 2009,NO_QUERY,Livmarie828,"Sitting at work, waiting for the Receptionist to get off lunch so I can go to my dental    I hate it!"
0,2208991103,Wed Jun 17 09:52:44 PDT 2009,NO_QUERY,thisgrrrl,@hughsbeautiful How did you ge 3.0??  I can't get it yet... This makes me upset... do I need to get iTunes 8.2?
4,1558619357,Sun Apr 19 08:55:14 PDT 2009,NO_QUERY,criiistaaayyy,Had a gooood wekeend  now having a biiig breakfast to then do my HW and have the night off
0,2002413813,Tue Jun 02 04:08:29 PDT 2009,NO_QUERY,BlackRabb1t010,Kirsten is never up in the morning. And i think she is mad at me 
4,1986616157,Sun May 31 19:04:59 PDT 2009,NO_QUERY,Curiosafmmb,@Psychic09 Allright. Good night &amp; thank you very much.   *hugs*  
0,2249522640,Fri Jun 19 22:29:41 PDT 2009,NO_QUERY,scottvarga,I am helping a good friend get setup on Linkedin  His company is in the process of layingoff. 
4,2001635328,Tue Jun 02 01:32:47 PDT 2009,NO_QUERY,30STMluva,@MariaJEchelon no prob! im glad youre enjoyin it 
0,1680803339,Sat May 02 12:31:57 PDT 2009,NO_QUERY,bl00dline,I.....want to.......go........home........ 
0,1986467205,Sun May 31 18:52:26 PDT 2009,NO_QUERY,valdivia1,&quot;Binthia&quot; is serious now. She hot really quiet and looks mad tired. Kinda feel bad cuz she had to drive after only sleeping a few hours 
4,1932801400,Tue May 26 22:15:06 PDT 2009,NO_QUERY,ginellem,Night all. Only 5 hours of sleep last night &amp; I was cranky ALL day. Short with everyone. Tomorrow I shall have more patience &amp; bk 2 me 
0,1985567932,Sun May 31 17:21:13 PDT 2009,NO_QUERY,SupaJohn,@JeepGirlYJ94 I broke my arm 
4,2015184989,Wed Jun 03 03:57:25 PDT 2009,NO_QUERY,ShootDiva,@munz Go for it! Bridezillas is a good topic. Plus u have first hand experience. 
4,1992396556,Mon Jun 01 08:41:09 PDT 2009,NO_QUERY,CharliePodge,"@AstheniaRocks Feel abit poorly, but okay otherwise. Hungry tho.  as always. You okay shiney boy?x"
4,1980319227,Sun May 31 06:23:29 PDT 2009,NO_QUERY,dogzero,"@Banksyart2 I started off just messaging new peeps that appeared on old account, but then thought may as well work my way back... "
4,1997215980,Mon Jun 01 16:27:35 PDT 2009,NO_QUERY,MissKsyn,@AlyssaVacco I kno... So I change that 100 to 200 ughh 
0,1834890367,Mon May 18 04:31:39 PDT 2009,NO_QUERY,Sibole,"Sara graduates on Thursday, I am sooo not ready for this!   I don't want her to grow up."
4,2060295711,Sat Jun 06 18:38:17 PDT 2009,NO_QUERY,keellllyyyyxx33,getting all the writing off of mee. fun nightt 
0,2248322465,Fri Jun 19 20:26:34 PDT 2009,NO_QUERY,Joyz223,Shit! I lost my HK debit card 
0,1980342565,Sun May 31 06:27:45 PDT 2009,NO_QUERY,ToriLovesATL,my sister woke me up at like 7  im tireddd. i hope today is fun...
4,2189696490,Tue Jun 16 00:40:18 PDT 2009,NO_QUERY,SharaeReed,@Tyrese4ReaL if so can you share that #Tupac Memory with us 
0,2186028238,Mon Jun 15 18:15:11 PDT 2009,NO_QUERY,bostonaustin,"Meeting fail, nothing resolved. Going to be a rough week "
4,1882373680,Fri May 22 06:45:20 PDT 2009,NO_QUERY,erindeal,@RachelRoseberry @morganbritney....i started with my iced coffee as well  happy friday!
4,1835640172,Mon May 18 06:26:27 PDT 2009,NO_QUERY,lorileehoward,@jkaymackey very good manners! 
4,1984037413,Sun May 31 14:19:08 PDT 2009,NO_QUERY,theK4T3D4WG,@biancaduhh aww. i think someone put it up on youtube lol 
0,2174870612,Sun Jun 14 23:30:42 PDT 2009,NO_QUERY,cutiexdoll,just woke upp .... wanna go back to sleeep 
0,1967696553,Fri May 29 20:03:07 PDT 2009,NO_QUERY,elland,@pedroaugusto that was uncalled for 
0,2047667145,Fri Jun 05 13:59:53 PDT 2009,NO_QUERY,Beccaa93,@TheRealJordin i know exactly how your feeling  Im curled up in bed right now witha hot water bottle. NOT FUN! haha hope you feel better x
4,2191220633,Tue Jun 16 04:48:04 PDT 2009,NO_QUERY,americas_angel,thanks to everyone following me  i have a bebo http://www.bebo.com/madison_pettisxx
0,2204492298,Wed Jun 17 02:21:33 PDT 2009,NO_QUERY,FizzyGingerBeer,@pwbbounce uh oh  but is that not good? its not got a hidden meaning or anything that i dont know about has it?
0,1555905211,Sat Apr 18 21:02:14 PDT 2009,NO_QUERY,superbryant,the phils lost and brad lidge blew a save 
0,2016557030,Wed Jun 03 06:59:04 PDT 2009,NO_QUERY,AmyBella21, MOT didnt go v.well
0,1989870919,Mon Jun 01 03:05:59 PDT 2009,NO_QUERY,imadreamer143,My throat is still soreeeee  I can't wait until this is overrrrr
4,1975456821,Sat May 30 15:11:46 PDT 2009,NO_QUERY,Dee_Groovy,@Cheekz you could always go to Seattle - I think they should have some cool places? 
4,1687308850,Sun May 03 08:20:52 PDT 2009,NO_QUERY,tweetles,@dinnerlady LOL! I love ur sense of humor! I'd better nevr let u find out bout my most embarrassing stuff. U'll nevr let me live it down! 
4,2059782465,Sat Jun 06 17:37:39 PDT 2009,NO_QUERY,nzTracey,"@waddling yup am now, complications were had so am home mending now, good to be out of hospital, missing the endless cups of tea tho "
0,2261547070,Sat Jun 20 20:57:47 PDT 2009,NO_QUERY,inashlalaland,one month ago i was the most happiest person.. n now.. ijustwannadie 
0,1754902748,Sun May 10 07:43:01 PDT 2009,NO_QUERY,alderina,@nanashambles the truth is aku ga tau caranya add contact 
0,1997882236,Mon Jun 01 17:37:11 PDT 2009,NO_QUERY,Seve76,A great hard training weekend is over.  a couple days of rest and lets do it again!  Lots of computer time to put in now 
0,2247463912,Fri Jun 19 19:08:10 PDT 2009,NO_QUERY,daneca10,whoah. i'm starting to miss him 
0,2011071956,Tue Jun 02 18:26:00 PDT 2009,NO_QUERY,jdarrah,Just finished Day 2 of 3-day retreat. Good content but no web access and near north pole. Have to drive car instead of cycle 
0,2237834545,Fri Jun 19 06:25:55 PDT 2009,NO_QUERY,simba909,Shopping with sis and Alex... I don't feel like shopping when on vacation 
0,1686231015,Sun May 03 04:27:03 PDT 2009,NO_QUERY,ghassanb,Fast Food For Lunch! 
0,2298444318,Tue Jun 23 11:41:10 PDT 2009,NO_QUERY,RaymundoMonge,Looks like I won't be getting operated b4 my album release   Gonna surprise my pops at work and have lunch with him! Happy late Dad's day!
4,1969767103,Sat May 30 01:09:03 PDT 2009,NO_QUERY,basketcase1986,Highland Wildlife park today yeyyy  Yuri and Sasha the tiggies....shorrttssssss aye
4,2044632613,Fri Jun 05 09:37:20 PDT 2009,NO_QUERY,robotandrea,"@amandapiell Oh, I'm a girl, and gaming computers are awesome - they support better graphics and sound, so games are pretty and don't lag "
4,1994631768,Mon Jun 01 12:13:15 PDT 2009,NO_QUERY,a_arcabascio,@ddlovato ahaha the McDonalds part was hilarious  hope your having funn.
4,2057009184,Sat Jun 06 12:12:08 PDT 2009,NO_QUERY,sarahstanley,@caseyore well when I have to move again I know where I am going!!  yay!! lol
0,1981657409,Sun May 31 09:37:08 PDT 2009,NO_QUERY,cyberbonn,"@Dansharon - chilling here, have to get back to chores "
4,1967455041,Fri May 29 19:36:40 PDT 2009,NO_QUERY,SkinCareGoober,"Does your skin care routine keep away redness, wrinkles, and acne? Mine does.      www.votrevu.com/socalbeauty  Want FREE samples?"
0,2327396964,Thu Jun 25 08:17:41 PDT 2009,NO_QUERY,MagicDandelions,"Keeping my friend and her children in my thoughts today, as they mourn the loss of their husband/father who suddenly died yesterday. "
0,2191270369,Tue Jun 16 04:54:54 PDT 2009,NO_QUERY,vanessachelsea,"ow, i can't move my neck or my back   hurts too much and i don't know why D:"
4,1559517318,Sun Apr 19 11:20:56 PDT 2009,NO_QUERY,rayneelovex,@lilygetcrunkk septum and you are coming 
4,2063024681,Sun Jun 07 01:06:09 PDT 2009,NO_QUERY,jawadshuaib,"At first, I had my doubts that #nextMEDIA tech crowd could pull off the party at Aurora...but damn was I wrong! Goodnight everyone! "
0,2177068733,Mon Jun 15 05:22:58 PDT 2009,NO_QUERY,Lil_Miss_Dangaa,@jennmarie226 jealous I still have like 100 and something - and they havent even announced dates 
4,1970537555,Sat May 30 04:15:49 PDT 2009,NO_QUERY,Millie_stillie,#myweakness  Is music and i live to meet the people who make it 
0,2182145174,Mon Jun 15 12:46:52 PDT 2009,NO_QUERY,ciuchs,is back to work!  #squarespace
0,2214077110,Wed Jun 17 16:14:07 PDT 2009,NO_QUERY,xxXHollyBopXxx,im annoyd they hav blocked fmylife on the school computers 
4,1962714005,Fri May 29 11:31:09 PDT 2009,NO_QUERY,kryptonlogic,"Did some Summer cleaning of my computer, removed 12.5GB "
0,2266549498,Sun Jun 21 08:41:58 PDT 2009,NO_QUERY,Grapesodaa,@chrxs ive looked for days  this is worse then the porn they made for senior citizens..are those new slacks?
4,1563974653,Mon Apr 20 01:08:16 PDT 2009,NO_QUERY,OneRedSock,Morning world. It's a beautiful day  Here's hoping for some pathetic fallacy
4,1990002582,Mon Jun 01 03:33:08 PDT 2009,NO_QUERY,ceibner,@weisslu well if you are ever bored.... I'd give it a go! 
4,1880363468,Fri May 22 00:58:52 PDT 2009,NO_QUERY,Jayne0807,"Mornin all! Slept thro bleddy alarm again!! I'm sooo late, #followfriday recs to come later in the day. Have a good Friday "
0,2251810903,Sat Jun 20 04:39:04 PDT 2009,NO_QUERY,vy_twit,omfg why am I working right now? 
0,1753250003,Sun May 10 00:45:33 PDT 2009,NO_QUERY,syahrani,"Please don't leave, Tevez!  I rather dump Berbatov to be honest. a lazy player with 30 Mil tag. http://tinyurl.com/oddnpu (via @MUFCNews)"
0,2047502457,Fri Jun 05 13:44:56 PDT 2009,NO_QUERY,DinoGoesRawr,@goodlemax hee yepp i have to go to cottage soon  grr.
4,1971954762,Sat May 30 08:15:12 PDT 2009,NO_QUERY,terrymyers,"@carltonf @travisfitzwater Carlton better get on it. I just lapped him!  2256 followers as of this morning. ;) Travis, I'm comin' for ya! "
0,1559840103,Sun Apr 19 12:10:51 PDT 2009,NO_QUERY,JameeBean,So upset that spring break is like over 
0,1678389038,Sat May 02 06:32:48 PDT 2009,NO_QUERY,chasethenights,@riellaelise OH MY FREAKING GOD I HATE YOU 
4,1970132436,Sat May 30 02:35:11 PDT 2009,NO_QUERY,Steffi11,on the way to the airport 
0,2249156143,Fri Jun 19 21:49:09 PDT 2009,NO_QUERY,jazzfade,ugh I am literally the king of passing out early...left my laundry in the dryer in the basement for HOURS and missed a party in 2E 
0,1976621099,Sat May 30 18:36:13 PDT 2009,NO_QUERY,Jezebel816,My brother must hate me. He didn't answer his phone  and he didn't call me back. Either that or he's sleeping or at work. ;)
4,1677310858,Sat May 02 01:26:00 PDT 2009,NO_QUERY,tristantales,In fairness. He smells good. 
4,2068726873,Sun Jun 07 14:35:21 PDT 2009,NO_QUERY,blueautopsy,@eve76 it would be fine if max and erma gave away those tasty salads each day. lol 
0,2053747145,Sat Jun 06 05:34:39 PDT 2009,NO_QUERY,rachaar,"@jnyemb oh no way, you can't do that! Sooo unfair "
4,2067779234,Sun Jun 07 12:56:47 PDT 2009,NO_QUERY,TRACTAHPULL,@jonathanrknight ......... 
0,2179843781,Mon Jun 15 09:39:41 PDT 2009,NO_QUERY,KrisCamp,im getting my wisdom teeth out tomorrrow 
0,2185503530,Mon Jun 15 17:28:52 PDT 2009,NO_QUERY,jenimayyy,@mikegentile hey stud. go figure you come to the land of whores when i am gone in the bahamas 
4,2049707510,Fri Jun 05 17:21:21 PDT 2009,NO_QUERY,Malimili,@lalamana @souljaboytellem maybe coz of hight hill. Tc 
0,2059405445,Sat Jun 06 16:52:05 PDT 2009,NO_QUERY,paranoiattackk,"Okay, apparently I DIDN'T miss the deadline for JB m&amp;g's, but it would be kinda lame to win, I would feel really bad about it. "
0,2216010821,Wed Jun 17 18:55:17 PDT 2009,NO_QUERY,almostsmada,@lolevo I CAN'T BELIEVE YOU WIID WITHOUT ME! That's what I get for leaving the country  I love you. You're gorgeous. I miss your face.
4,1759389413,Sun May 10 19:06:21 PDT 2009,NO_QUERY,watchitnow,@MayaaKibbel the bahamas is the best place ever to relax. i can't wait to go back 
0,2179518179,Mon Jun 15 09:12:48 PDT 2009,NO_QUERY,meechi_blue,@IRe_laNd 
0,2179230885,Mon Jun 15 08:49:26 PDT 2009,NO_QUERY,FlyOne,No internet at work  I can't fix my resume and email it to the new spot
0,2323250377,Thu Jun 25 00:13:40 PDT 2009,NO_QUERY,kpartridge11,"is tired of putting forth soooo much effort, and getting nothing in return. "
4,1827600064,Sun May 17 11:03:08 PDT 2009,NO_QUERY,chelseasmile__,@iamtherumour_ annnie babes!  i have to revise for busman  give me sympathy. hahaha
4,1971676578,Sat May 30 07:38:57 PDT 2009,NO_QUERY,Jade15Lee,"it's not my job to know anybody, anybody says so, I would immediately keep distance with them......... "
0,2199382523,Tue Jun 16 17:25:20 PDT 2009,NO_QUERY,vanessasaywhaaa,@tromboneforhire nooope  its long gone. getting an iphone soon
4,2004687759,Tue Jun 02 08:35:17 PDT 2009,NO_QUERY,Liberace4Life,@emilypoe Thanks!  
0,2213065445,Wed Jun 17 14:53:29 PDT 2009,NO_QUERY,M641,@AndrewKungPhoto  nopers... dreadful I know.
4,2066884419,Sun Jun 07 11:21:01 PDT 2009,NO_QUERY,christinastrain,My dog is definitely cuter than yours. 
0,2179192623,Mon Jun 15 08:46:20 PDT 2009,NO_QUERY,irniamegaputri,@astrishabrina susah emang long distance ituu. huhu. aku juga ngerasain 
4,1794620991,Thu May 14 06:12:53 PDT 2009,NO_QUERY,nancefinance,@bondscoop thanks -- no wonder I couldn't find it. I 'll take my $$ out of the mattress now. 
0,2013023807,Tue Jun 02 21:45:34 PDT 2009,NO_QUERY,RandomShelly,@gaudet2 I could tell the shading  - I didn't get any color  m/b the dolphin one I want to get - like that pic in the vid of my son?
4,1677444244,Sat May 02 02:06:26 PDT 2009,NO_QUERY,ninthspace,@steveellwood There sure seems to be a lot of Cromarty in your life today.  Hope the weather stays fine for the fence painting.
4,2181054252,Mon Jun 15 11:18:15 PDT 2009,NO_QUERY,TheGregz,"whoo ah whoo, each night we have a walk, it almost breaks my heart, because im so afraid we'll have to part  "
4,2061028856,Sat Jun 06 20:02:30 PDT 2009,NO_QUERY,ohhsokay,@CorkyIsCrazy Night 
4,1881553025,Fri May 22 04:58:26 PDT 2009,NO_QUERY,CatQ,help! I'm getting addicted to twitter... working at twitting at the same time 
0,1556550702,Sat Apr 18 23:17:26 PDT 2009,NO_QUERY,griffmiester,"Oh noes. I just found out why Cons Skate shoes are so hard to find. Financial issues, and bought out by Nike. "
4,1469133025,Tue Apr 07 05:19:57 PDT 2009,NO_QUERY,Bowser_Boy,I love the theme song. &quot;It all started with the big bang BANG!!!&quot; 
0,2177756662,Mon Jun 15 06:39:05 PDT 2009,NO_QUERY,x__claireyy__x,"Right, off to work  Only 5 hours to go until I'm free xD"
4,2058027564,Sat Jun 06 14:07:24 PDT 2009,NO_QUERY,agasaro,@indiemoviemaker thanks 4 including me in your shoutout 
0,2230638095,Thu Jun 18 17:23:44 PDT 2009,NO_QUERY,soridicuLES,@Sadieozdesoy hopefully i'll feel better by tomorrow  i might have strep
0,1983176902,Sun May 31 12:39:11 PDT 2009,NO_QUERY,pollysmall,"@cmartini86 Yeah, we didn't see a lot of people!  it was just a bad week to come, I should be back in a month though! hopefully..."
4,1751715490,Sat May 09 20:06:11 PDT 2009,NO_QUERY,KellyShibari,"@thomaskattus you asked about my SF schedule, dahling...maybe next time "
0,1553109752,Sat Apr 18 13:23:57 PDT 2009,NO_QUERY,hollygable,"Spent evening looking after suki doggy shitting herself everywhere, falling off the decking into ditch and whining &amp; running into things "
0,2053105176,Sat Jun 06 03:17:32 PDT 2009,NO_QUERY,stormygt,work was horrible. so damn busy. why???WHY?????? sore now 
4,2002372988,Tue Jun 02 04:01:17 PDT 2009,NO_QUERY,Caraa_x,Waiting for mum friend to come he gonna teach me how to drive a land rover  luuv big cars ;) 
0,2050009982,Fri Jun 05 17:54:15 PDT 2009,NO_QUERY,acissssej,Watching naruto and josh stole my fruit snacks 
0,2067619204,Sun Jun 07 12:39:52 PDT 2009,NO_QUERY,Joe_McHugh,eaten way too much junk food. feel as if i'm about to explode! not good 
0,1468136206,Mon Apr 06 23:54:54 PDT 2009,NO_QUERY,Sam_Symons,"@riskyrevenge Wait, what? Sick? "
0,2266892916,Sun Jun 21 09:16:29 PDT 2009,NO_QUERY,missmoose313,OMJ... my birthday is in 2 weeks exactally! :/ im not ready!! and that means summers almost over! 
0,1984898930,Sun May 31 16:01:45 PDT 2009,NO_QUERY,OhSunshine_,@FaketragedyCom i know 
0,2233967431,Thu Jun 18 22:11:55 PDT 2009,NO_QUERY,bradwhiteau,"@Hoops_angel Yup, sold out...I tried to get another one last week and all gone  Still looking round but nothing yet."
4,1971258089,Sat May 30 06:39:02 PDT 2009,NO_QUERY,pjaramirez16,@laurasap Still Learning... But Always Want To Rock! Whoot! hehe  LOL
4,1972277565,Sat May 30 08:55:25 PDT 2009,NO_QUERY,likelemonade,"just had lunch...lol btw, good afternoon ppl "
4,1957381882,Fri May 29 00:19:42 PDT 2009,NO_QUERY,xcharlotteyx,@ironikfans thanks for the follow  x
0,1932287974,Tue May 26 21:10:34 PDT 2009,NO_QUERY,pressrecordmag,"@Personal__Jesus no more ben  it will be a bittersweet show, will you be there?"
4,1978095148,Sat May 30 22:25:47 PDT 2009,NO_QUERY,sheisakid,@tommcfly please tom! say 'hola' to the argentinian fans! 
0,1998827283,Mon Jun 01 19:11:22 PDT 2009,NO_QUERY,adrijuicy,i really need to vomit 
4,1966182915,Fri May 29 17:16:53 PDT 2009,NO_QUERY,paulhoza,@SCottNYdam:  Hope you're mending up well.  I look forward to seeing you buzzing around France soon.  
0,1827510584,Sun May 17 10:51:51 PDT 2009,NO_QUERY,AfricanoBOi,@DKHOTOPIC @YoBoiNewnue---- OMG ya&quot;ll are so wrong!!!!!!!!!! LOL I would NEVER!!!!!!!  NO Newnue No!!!
0,1676726411,Fri May 01 22:58:52 PDT 2009,NO_QUERY,shtevo,"RIP Gillybob and Frieda, you guys were good companions. No other fish would've understood me as well as you guys have. "
4,1991240544,Mon Jun 01 06:40:21 PDT 2009,NO_QUERY,ryanmcflyyy,I'm gonna cuddle with my dog and play Donkey Kong. My life is pathetic 
0,2325355258,Thu Jun 25 05:17:23 PDT 2009,NO_QUERY,nicksynet,@SuperKaylo where is the monkey island interview I can not find it  http://myloc.me/5zQG
4,2056536151,Sat Jun 06 11:19:29 PDT 2009,NO_QUERY,shih_wei,"@jldavid Hey, nice new pic! Sounds like you had a good trip. "
0,1881828765,Fri May 22 05:39:18 PDT 2009,NO_QUERY,superniknok,gosh i miss junpyo!  gotta hit quiapo for the the BOF dvd! LOL
4,2054921352,Sat Jun 06 08:20:56 PDT 2009,NO_QUERY,hiivebooks,"Of course, as always, Jerry wants some tweaks to the covers... Bah! It wouldn't annoy me so much if he wasn't right "
4,2052004369,Fri Jun 05 23:23:01 PDT 2009,NO_QUERY,erngirl,"Aww, I love Tom Milsom's music. @hexachordal  Think you don't get enough appreciation. "
4,2012971109,Tue Jun 02 21:39:02 PDT 2009,NO_QUERY,sujal,@ESPN_ProdGirl thanks. we had a good team working on this. More stuff to come. 
4,1881884917,Fri May 22 05:46:51 PDT 2009,NO_QUERY,aemili0,por fin viernesssssssssssssssssssssssssssssssss... 
0,2221749067,Thu Jun 18 05:56:30 PDT 2009,NO_QUERY,AmyKachurak,@justkaty I blame josh &amp; bff ..she was sick earlier &amp; so was josh 
0,2190790629,Tue Jun 16 03:44:11 PDT 2009,NO_QUERY,sadbuttrue,"@revdal @fibrefairy I keep dropping (un)subtle hints to @sjrdouglas, but I'm not sure that she's hearing them "
0,2236392031,Fri Jun 19 03:35:31 PDT 2009,NO_QUERY,muffyn71,Now in line for the famous Leng Kee Beef Kuay Teow! 11ppl ahead of me  But fr experience it's always been worth the wait!
4,1989230751,Mon Jun 01 00:47:58 PDT 2009,NO_QUERY,emz2287,"lol she is definatley insane,if you couldnt tell from the start then you wernt paying much attention ppl!! "
